product_name,review,source
Dyson Airwrap Multi-Styler,"if you’re a male reading this, please know this would be a perfect gift to your better half.",Amazon
Dyson Airwrap Multi-Styler,"Works good",Amazon
Dyson Airwrap Multi-Styler,"No issues till now.",Amazon
Dyson Airwrap Multi-Styler,"Great Product, I appreciate the technology , Deserve the Tag, No more words to say.....",Amazon
Dyson Airwrap Multi-Styler,"Feel Good",Amazon
Dyson Airwrap Multi-Styler,"Ty,Paresh Shah",Amazon
Dyson Airwrap Multi-Styler,I love how versatile this styler is. It came with multiple attachments that work for different hair types. Really satisfied with my purchase.,Flipkart
Dyson Airwrap Multi-Styler,"The price is steep, but after using it for a month, I think it's worth every penny.",Flipkart
Dyson Airwrap Multi-Styler,"It took me some time to learn how to use it properly, but now I can style my hair in half the time. Really satisfied with my purchase.",Flipkart
Dyson Airwrap Multi-Styler,"The build quality is excellent, definitely feels premium compared to other styling tools I've used.",Flipkart
Dyson Airwrap Multi-Styler,My hair feels healthier since I started using this. Less heat damage than my old tools. Really satisfied with my purchase.,Flipkart
Wireless Earphone Bluetooth,"Great battery life, I only need to charge once a week with my usage. Really satisfied with my purchase.",Amazon
Wireless Earphone Bluetooth,The sound quality is decent for the price point. Bass could be better though.,Amazon
Wireless Earphone Bluetooth,"Very comfortable for long listening sessions, doesn't hurt my ears. Really satisfied with my purchase.",Amazon
Wireless Earphone Bluetooth,"Call quality is clear, and people can hear me well even in noisy environments.",Amazon
Wireless Earphone Bluetooth,Easy to pair with my devices. Love the quick connection feature. Really satisfied with my purchase.,Amazon
Wireless Earphone Bluetooth,"Great battery life, I only need to charge once a week with my usage. Really satisfied with my purchase.",Flipkart
Wireless Earphone Bluetooth,The sound quality is decent for the price point. Bass could be better though.,Flipkart
Wireless Earphone Bluetooth,"Very comfortable for long listening sessions, doesn't hurt my ears. Really satisfied with my purchase.",Flipkart
Wireless Earphone Bluetooth,"Call quality is clear, and people can hear me well even in noisy environments.",Flipkart
Wireless Earphone Bluetooth,Easy to pair with my devices. Love the quick connection feature. Really satisfied with my purchase.,Flipkart
Set of serving Tray,I love this container set. Very useful for storing snacks as it is air tight.,Amazon
Set of serving Tray,"I wanted airtight container, they solve the purpose. Very nice.value for money.v",Amazon
Set of serving Tray,Very Nice and Useful product... quality is also nice,Amazon
Set of serving Tray,"Liked the quality of plastic, looks good. Good size and each container can hold around 250 gram dry fruits. Keeps it fresh.",Amazon
Set of serving Tray,2 of the transparent containers had scratches,Amazon
Set of serving Tray,"I loved them, beautiful and size good too but then no food grade certification marks anywhere on the plastic Airtight yes Easy to clean yes",Amazon
Set of serving Tray,Looks good compact and air tight,Amazon
Set of serving Tray,The trays are sturdy and look more expensive than they are. Really satisfied with my purchase.,Flipkart
Set of serving Tray,Perfect size for serving snacks during parties. Easy to clean too.,Flipkart
Set of serving Tray,"I wish they were available in more colors, but the design is nice. Really satisfied with my purchase.",Flipkart
Set of serving Tray,Good value for money. They stack nicely for storage.,Flipkart
Set of serving Tray,The plastic quality is better than I expected. Not flimsy at all. Really satisfied with my purchase.,Flipkart
Silicone Strap for Smart Watch,Fits my watch perfectly. The silicone feels soft and comfortable. Really satisfied with my purchase.,Amazon
Silicone Strap for Smart Watch,Colors are exactly as shown in the pictures. I bought three different ones.,Amazon
Silicone Strap for Smart Watch,Very durable. I've been wearing it daily for months with no signs of wear. Really satisfied with my purchase.,Amazon
Silicone Strap for Smart Watch,Easy to install and remove. Good replacement for the original strap.,Amazon
Silicone Strap for Smart Watch,"The buckle is secure, never comes undone during workouts. Really satisfied with my purchase.",Amazon
Silicone Strap for Smart Watch,Fits my watch perfectly. The silicone feels soft and comfortable. Really satisfied with my purchase.,Flipkart
Silicone Strap for Smart Watch,Colors are exactly as shown in the pictures. I bought three different ones.,Flipkart
Silicone Strap for Smart Watch,Very durable. I've been wearing it daily for months with no signs of wear. Really satisfied with my purchase.,Flipkart
Silicone Strap for Smart Watch,Easy to install and remove. Good replacement for the original strap.,Flipkart
Silicone Strap for Smart Watch,"The buckle is secure, never comes undone during workouts. Really satisfied with my purchase.",Flipkart
Tripod Camera Stand,Sturdy enough for my DSLR camera. No wobbling issues. Really satisfied with my purchase.,Amazon
Tripod Camera Stand,Height adjustment is smooth and the locking mechanism is secure.,Amazon
Tripod Camera Stand,Great value for money. Does everything I need it to do. Really satisfied with my purchase.,Amazon
Tripod Camera Stand,"Lightweight and portable, easy to take on shoots.",Amazon
Tripod Camera Stand,The ball head rotates smoothly and holds position well. Really satisfied with my purchase.,Amazon
Tripod Camera Stand,Sturdy enough for my DSLR camera. No wobbling issues. Really satisfied with my purchase.,Flipkart
Tripod Camera Stand,Height adjustment is smooth and the locking mechanism is secure.,Flipkart
Tripod Camera Stand,Great value for money. Does everything I need it to do. Really satisfied with my purchase.,Flipkart
Tripod Camera Stand,"Lightweight and portable, easy to take on shoots.",Flipkart
Tripod Camera Stand,The ball head rotates smoothly and holds position well. Really satisfied with my purchase.,Flipkart
